{
  "N": 16,
  "dx": 0.25,
  "dt": 0.25,
  "t_n": 0.0,
  "t_n_plus_1": 9.449906216554767e-07,
  "eps_H_t_n": 0.00033863769922358043,
  "eps_H_t_n_plus_1": 0.00033863769922493596,
  "receipt_stage_eps_H": {
    "eps_H_pre": 0.00033863769922358043,
    "eps_H_post_phys": 0.00033863769922493596,
    "eps_H_post_gauge": 0.00033863769922493596,
    "eps_H_post_cons": 0.00033863769922493596,
    "eps_H_post_filter": 0.00033863769922493596,
    "Delta_eps_H_phys": 1.355523766150002e-15,
    "Delta_eps_H_gauge": 1.355523766150002e-15,
    "Delta_eps_H_cons": 1.355523766150002e-15,
    "Delta_eps_H_filter": 1.355523766150002e-15
  },
  "inferred_time_levels": {
    "eps_H_pre": {
      "eps_H": 0.00033863769922358043,
      "t_used": 0.0
    },
    "eps_H_post_phys": {
      "eps_H": 0.00033863769922493596,
      "t_used": 9.449906216554767e-07
    },
    "eps_H_post_gauge": {
      "eps_H": 0.00033863769922493596,
      "t_used": 9.449906216554767e-07
    },
    "eps_H_post_cons": {
      "eps_H": 0.00033863769922493596,
      "t_used": 9.449906216554767e-07
    },
    "eps_H_post_filter": {
      "eps_H": 0.00033863769922493596,
      "t_used": 9.449906216554767e-07
    }
  }
}