{
  "convergence_check": {
    "monotone": false,
    "eps_H_finals": [
      7.609102830489775e-05,
      0.0001572759666297836,
      0.00028799816736554983
    ],
    "magnitudes": [
      7.609102830489775e-05,
      0.0001572759666297836,
      0.00028799816736554983
    ]
  },
  "individual_results": [
    {
      "N": 8,
      "dx": 0.5,
      "dt": 0.5,
      "T_final_target": 1.0,
      "T_actual": 0.2,
      "num_steps": 2,
      "eps_H_history": [
        8.544477438537007e-05,
        7.908595553044485e-05,
        7.609102830489775e-05
      ],
      "t_history": [
        0.0,
        0.1,
        0.2
      ],
      "eps_H_final": 7.609102830489775e-05
    },
    {
      "N": 12,
      "dx": 0.3333333333333333,
      "dt": 0.3333333333333333,
      "T_final_target": 1.0,
      "T_actual": 6.103924400897877e-08,
      "num_steps": 3,
      "eps_H_history": [
        0.0001572759666297836,
        0.0001572759666297836,
        0.0001572759666297836,
        0.0001572759666297836
      ],
      "t_history": [
        0.0,
        2.0346414669659588e-08,
        4.0692829339319176e-08,
        6.103924400897877e-08
      ],
      "eps_H_final": 0.0001572759666297836
    },
    {
      "N": 16,
      "dx": 0.25,
      "dt": 0.25,
      "T_final_target": 1.0,
      "T_actual": 4.444474269234865e-08,
      "num_steps": 4,
      "eps_H_history": [
        0.00028799816736554983,
        0.00028799816736554983,
        0.00028799816736554983,
        0.00028799816736554983,
        0.00028799816736554983
      ],
      "t_history": [
        0.0,
        1.1111185673087163e-08,
        2.2222371346174327e-08,
        3.333355701926149e-08,
        4.444474269234865e-08
      ],
      "eps_H_final": 0.00028799816736554983
    }
  ]
}