{
  "gradient": {
    "order": 1.9408255623154185,
    "errors": [
      0.5606473601958444,
      0.14933609034811016,
      0.03966964425891327,
      0.009842442886578399
    ]
  },
  "laplacian": {
    "errors": [
      5.070041339635287e-13,
      4.546302020116058e-12,
      3.5862051449041304e-11
    ]
  },
  "time_integrator": {
    "order": 4.034614071162509,
    "errors": [
      3.7257482708565313e-07,
      2.2333955903702054e-08,
      1.3670673226220579e-09,
      8.455498913289446e-11
    ]
  },
  "poisson": {
    "errors": [
      4.890884733040185e-15,
      9.253783147339752e-15,
      1.850475903837262e-14
    ]
  },
  "minkowski": {
    "growth_factor": 1.0
  },
  "wave_equation": {
    "errors": [
      5.274413100360019e-14,
      1.9729052288091638e-13,
      7.217656078669765e-13
    ]
  },
  "energy_decay": {
    "fitted_decay": 0.1618415050550069,
    "expected_decay": 0.2,
    "error": 0.1907924747249655
  },
  "conservation": {
    "relative_drift": 0.5193147226124546,
    "energies": "[0.24995216 0.24991585 0.24988096 0.24984763 0.24981607 0.24978651\n 0.24975925 0.24973457 0.24971281 0.24969428 0.2496793  0.2496682\n 0.24966127 0.24965883 0.24966116 0.24966856 0.24968132 0.24969972\n 0.24972404 0.24975457 0.24979159 0.24983539 0.24988624 0.2499444\n 0.25001016 0.25008375 0.25016545 0.2502555  0.25035415 0.25046162\n 0.25057817 0.25070402 0.25083939 0.25098452 0.25113961 0.25130487\n 0.25148052 0.25166675 0.25186374 0.25207169 0.25229076 0.25252114\n 0.25276298 0.25301645 0.25328169 0.25355886 0.25384809 0.25414952\n 0.25446328 0.25478947 0.25512821 0.25547961 0.25584375 0.25622073\n 0.25661062 0.25701351 0.25742945 0.25785851 0.25830074 0.25875618\n 0.25922487 0.25970684 0.26020211 0.26071068 0.26123258 0.26176779\n 0.2623163  0.2628781  0.26345316 0.26404145 0.26464294 0.26525756\n 0.26588527 0.26652601 0.26717971 0.26784629 0.26852566 0.26921773\n 0.2699224  0.27063957 0.27136912 0.27211093 0.27286488 0.27363083\n 0.27440864 0.27519816 0.27599925 0.27681173 0.27763545 0.27847022\n 0.27931587 0.28017221 0.28103905 0.2819162  0.28280345 0.28370059\n 0.28460741 0.28552369 0.2864492  0.28738372 0.28832702 0.28927884\n 0.29023895 0.29120709 0.29218302 0.29316648 0.29415721 0.29515495\n 0.29615942 0.29717035 0.29818747 0.2992105  0.30023916 0.30127316\n 0.30231222 0.30335605 0.30440435 0.30545683 0.3065132  0.30757316\n 0.3086364  0.30970263 0.31077155 0.31184285 0.31291623 0.31399139\n 0.31506801 0.3161458  0.31722444 0.31830363 0.31938307 0.32046245\n 0.32154146 0.32261981 0.3236972  0.32477331 0.32584784 0.32692051\n 0.32799101 0.32905905 0.33012433 0.33118657 0.33224546 0.33330074\n 0.33435211 0.3353993  0.33644202 0.33748001 0.33851298 0.33954069\n 0.34056285 0.34157921 0.34258952 0.34359352 0.34459097 0.34558162\n 0.34656523 0.34754158 0.34851043 0.34947157 0.35042476 0.3513698\n 0.35230648 0.3532346  0.35415396 0.35506437 0.35596565 0.35685761\n 0.35774009 0.35861291 0.35947592 0.36032896 0.36117189 0.36200456\n 0.36282684 0.3636386  0.36443972 0.36523009 0.36600959 0.36677813\n 0.36753562 0.36828196 0.36901709 0.36974092 0.3704534  0.37115446\n 0.37184406 0.37252215 0.3731887  0.37384367 0.37448705 0.37511883\n 0.37573899 0.37634754 0.37694449 0.37752985 0.37810364 0.37866591\n 0.37921668 0.37975599]"
  },
  "heat_spectral": {
    "errors": [
      0.06833388522207458,
      0.035035161162518993,
      0.0789656010652394
    ]
  },
  "rk4_temporal": {
    "order": 4.03461407116251,
    "errors": [
      3.332410560275001e-07,
      1.9976097442864216e-08,
      1.222742185280623e-09,
      7.56282814151632e-11
    ]
  },
  "spectral_advection": {
    "errors": [
      0.012906142946154749,
      0.012906142946154853,
      0.012906142946154914
    ]
  },
  "gradient_bench": {
    "errors": [
      0.00988044826784202,
      0.00335878577674743,
      0.0011621291909832273,
      0.00040626949811143395
    ]
  },
  "laplacian_bench": {
    "errors": [
      4.546302020116058e-12,
      3.5862051449041304e-11,
      2.578115034054749e-10
    ]
  },
  "rk4_bench": {
    "order": 4.034610913279423,
    "errors": [
      3.3324105608301124e-07,
      1.9976097331841913e-08,
      1.2227420187471694e-09,
      7.562883652667551e-11
    ]
  }
}