{
  "passed": false,
  "metrics": {
    "p_obs": 0.07023325001961309,
    "errors": [
      1.9013762888176614e-13,
      1.758266799891016e-13,
      1.724977536394922e-13
    ],
    "resolutions": [
      8,
      16,
      32
    ]
  },
  "diagnosis": "Observed convergence order p_obs = 0.07. Expected ~2.0. FAILED"
}