{
  "step": 10,
  "t": 9.999999999999998e-08,
  "dt": 1e-08,
  "dominant_clock": "PHY_micro_rollback",
  "threads": {
    "PHY_macro_observe": {
      "dt": 0.05764112189959947,
      "ratio": 1.7348725476610627e-07,
      "margin": 0.9999998265127452,
      "dominant_metric": "PHY_macro_observe",
      "metrics": {
        "v_char_max": 1.7348725476610627
      },
      "active": true,
      "risk": 0.9999998265127452
    },
    "PHY_macro_correct": {
      "dt": 0.04611289751967958,
      "ratio": 2.1685906845763282e-07,
      "margin": 0.9999997831409315,
      "dominant_metric": "PHY_macro_correct",
      "metrics": {
        "v_char_max": 1.7348725476610627
      },
      "active": true,
      "risk": 0.9999997831409315
    },
    "PHY_macro_rollback": {
      "dt": 0.005764112189959947,
      "ratio": 1.7348725476610626e-06,
      "margin": 0.9999982651274524,
      "dominant_metric": "PHY_macro_rollback",
      "metrics": {
        "v_char_max": 1.7348725476610627
      },
      "active": true,
      "risk": 0.9999982651274524
    },
    "PHY_step_observe": {
      "dt": 0.05,
      "ratio": 2e-07,
      "margin": 0.9999998,
      "dominant_metric": "PHY_step_observe",
      "metrics": {
        "v_char_max": 1.7348725476610627
      },
      "active": true,
      "risk": 0.9999998
    },
    "PHY_step_correct": {
      "dt": 0.02305644875983979,
      "ratio": 4.3371813691526564e-07,
      "margin": 0.999999566281863,
      "dominant_metric": "PHY_step_correct",
      "metrics": {
        "v_char_max": 1.7348725476610627
      },
      "active": true,
      "risk": 0.999999566281863
    },
    "PHY_step_rollback": {
      "dt": 0.0028820560949799736,
      "ratio": 3.469745095322125e-06,
      "margin": 0.9999965302549046,
      "dominant_metric": "PHY_step_rollback",
      "metrics": {
        "v_char_max": 1.7348725476610627
      },
      "active": true,
      "risk": 0.9999965302549046
    },
    "PHY_micro_observe": {
      "dt": 0.014410280474899867,
      "ratio": 6.939490190644251e-07,
      "margin": 0.999999306050981,
      "dominant_metric": "PHY_micro_observe",
      "metrics": {
        "v_char_max": 1.7348725476610627
      },
      "active": true,
      "risk": 0.999999306050981
    },
    "PHY_micro_correct": {
      "dt": 0.011528224379919894,
      "ratio": 8.674362738305313e-07,
      "margin": 0.9999991325637262,
      "dominant_metric": "PHY_micro_correct",
      "metrics": {
        "v_char_max": 1.7348725476610627
      },
      "active": true,
      "risk": 0.9999991325637262
    },
    "PHY_micro_rollback": {
      "dt": 0.0014410280474899868,
      "ratio": 6.93949019064425e-06,
      "margin": 0.9999930605098094,
      "dominant_metric": "PHY_micro_rollback",
      "metrics": {
        "v_char_max": 1.7348725476610627
      },
      "active": true,
      "risk": 0.9999930605098094
    },
    "CONS_macro_observe": {
      "dt": null,
      "ratio": 0.0,
      "margin": 1.0,
      "dominant_metric": "CONS_macro_observe",
      "metrics": {
        "dot_eps_H": 0.0,
        "dot_eps_M": 0.0
      },
      "active": false,
      "risk": 1.0
    },
    "CONS_macro_correct": {
      "dt": null,
      "ratio": 0.0,
      "margin": 1.0,
      "dominant_metric": "CONS_macro_correct",
      "metrics": {
        "dot_eps_H": 0.0,
        "dot_eps_M": 0.0
      },
      "active": false,
      "risk": 1.0
    },
    "CONS_macro_rollback": {
      "dt": null,
      "ratio": 0.0,
      "margin": 1.0,
      "dominant_metric": "CONS_macro_rollback",
      "metrics": {
        "dot_eps_H": 0.0,
        "dot_eps_M": 0.0
      },
      "active": false,
      "risk": 1.0
    },
    "CONS_step_observe": {
      "dt": null,
      "ratio": 0.0,
      "margin": 1.0,
      "dominant_metric": "CONS_step_observe",
      "metrics": {
        "dot_eps_H": 0.0,
        "dot_eps_M": 0.0
      },
      "active": false,
      "risk": 1.0
    },
    "CONS_step_correct": {
      "dt": null,
      "ratio": 0.0,
      "margin": 1.0,
      "dominant_metric": "CONS_step_correct",
      "metrics": {
        "dot_eps_H": 0.0,
        "dot_eps_M": 0.0
      },
      "active": false,
      "risk": 1.0
    },
    "CONS_step_rollback": {
      "dt": null,
      "ratio": 0.0,
      "margin": 1.0,
      "dominant_metric": "CONS_step_rollback",
      "metrics": {
        "dot_eps_H": 0.0,
        "dot_eps_M": 0.0
      },
      "active": false,
      "risk": 1.0
    },
    "CONS_micro_observe": {
      "dt": null,
      "ratio": 0.0,
      "margin": 1.0,
      "dominant_metric": "CONS_micro_observe",
      "metrics": {
        "dot_eps_H": 0.0,
        "dot_eps_M": 0.0
      },
      "active": false,
      "risk": 1.0
    },
    "CONS_micro_correct": {
      "dt": null,
      "ratio": 0.0,
      "margin": 1.0,
      "dominant_metric": "CONS_micro_correct",
      "metrics": {
        "dot_eps_H": 0.0,
        "dot_eps_M": 0.0
      },
      "active": false,
      "risk": 1.0
    },
    "CONS_micro_rollback": {
      "dt": null,
      "ratio": 0.0,
      "margin": 1.0,
      "dominant_metric": "CONS_micro_rollback",
      "metrics": {
        "dot_eps_H": 0.0,
        "dot_eps_M": 0.0
      },
      "active": false,
      "risk": 1.0
    },
    "REP_macro_observe": {
      "dt": 0.20000000000000004,
      "ratio": 4.999999999999999e-08,
      "margin": 0.99999995,
      "dominant_metric": "REP_macro_observe",
      "metrics": {
        "mu_max": 0.01
      },
      "active": true,
      "risk": 0.99999995
    },
    "REP_macro_correct": {
      "dt": 0.16000000000000003,
      "ratio": 6.249999999999998e-08,
      "margin": 0.9999999375,
      "dominant_metric": "REP_macro_correct",
      "metrics": {
        "mu_max": 0.01
      },
      "active": true,
      "risk": 0.9999999375
    },
    "REP_macro_rollback": {
      "dt": 0.020000000000000004,
      "ratio": 4.999999999999999e-07,
      "margin": 0.9999995,
      "dominant_metric": "REP_macro_rollback",
      "metrics": {
        "mu_max": 0.01
      },
      "active": true,
      "risk": 0.9999995
    },
    "REP_step_observe": {
      "dt": 0.10000000000000002,
      "ratio": 9.999999999999998e-08,
      "margin": 0.9999999,
      "dominant_metric": "REP_step_observe",
      "metrics": {
        "mu_max": 0.01
      },
      "active": true,
      "risk": 0.9999999
    },
    "REP_step_correct": {
      "dt": 0.08000000000000002,
      "ratio": 1.2499999999999997e-07,
      "margin": 0.999999875,
      "dominant_metric": "REP_step_correct",
      "metrics": {
        "mu_max": 0.01
      },
      "active": true,
      "risk": 0.999999875
    },
    "REP_step_rollback": {
      "dt": 0.010000000000000002,
      "ratio": 9.999999999999997e-07,
      "margin": 0.999999,
      "dominant_metric": "REP_step_rollback",
      "metrics": {
        "mu_max": 0.01
      },
      "active": true,
      "risk": 0.999999
    },
    "REP_micro_observe": {
      "dt": 0.05000000000000001,
      "ratio": 1.9999999999999996e-07,
      "margin": 0.9999998,
      "dominant_metric": "REP_micro_observe",
      "metrics": {
        "mu_max": 0.01
      },
      "active": true,
      "risk": 0.9999998
    },
    "REP_micro_correct": {
      "dt": 0.04000000000000001,
      "ratio": 2.4999999999999994e-07,
      "margin": 0.99999975,
      "dominant_metric": "REP_micro_correct",
      "metrics": {
        "mu_max": 0.01
      },
      "active": true,
      "risk": 0.99999975
    },
    "REP_micro_rollback": {
      "dt": 0.005000000000000001,
      "ratio": 1.9999999999999995e-06,
      "margin": 0.999998,
      "dominant_metric": "REP_micro_rollback",
      "metrics": {
        "mu_max": 0.01
      },
      "active": true,
      "risk": 0.999998
    }
  },
  "constraints": {
    "eps_pre_H": 0.0029910149257327636,
    "eps_pre_M": 9.952060121504442e-05,
    "eps_post_H": 0.0029910149257327636,
    "eps_post_M": 9.952060121504442e-05,
    "d_eps_H": 0.0,
    "d_eps_M": 0.0
  },
  "geometry": {
    "det_gamma_min": 0.9903119916499046,